[{
  "_id": 9,
  "submenu_name": "mon viet",
  "menu_id": 10,
  "url": "/mon-viet",
  "submenus": [
    12
  ],
  "actived": true
},{
  "_id": 10,
  "submenu_name": "do uong",
  "menu_id": 10,
  "url": "/do-uong",
  "submenus": [
    13,
    14
  ],
  "actived": true
},{
  "_id": 11,
  "submenu_name": "pho viet1",
  "menu_id": 5,
  "url": "/pho-viet",
  "submenus": [],
  "actived": true
},{
  "_id": 12,
  "submenu_name": "pho ta",
  "menu_id": 5,
  "url": "/pho-ta",
  "submenus": [],
  "actived": true
},{
  "_id": 13,
  "submenu_name": "Cà phê",
  "menu_id": 5,
  "url": "/ca-phe",
  "submenus": [],
  "actived": true
},{
  "_id": 14,
  "submenu_name": "Trà việt",
  "menu_id": 5,
  "url": "/tra-viet",
  "submenus": [],
  "actived": true
}]