[{
  "_id": {
    "$oid": "6280bb10ee9cc0b95d699095"
  },
  "uid": 47,
  "product_name": "cơm gà",
  "slug": "cơm-ga",
  "price": 250000,
  "status": "active",
  "category": 49,
  "description": "",
  "cover": "",
  "updatedAt": {
    "$date": {
      "$numberLong": "1652843075434"
    }
  },
  "createdAt": {
    "$date": {
      "$numberLong": "1652603664135"
    }
  }
},{
  "_id": {
    "$oid": "628360a5d7b974242ab3d308"
  },
  "uid": 51,
  "product_name": "cà phê sữa",
  "slug": "ca-phe-sua",
  "price": 20000,
  "status": "active",
  "category": 1,
  "description": "",
  "cover": "",
  "updatedAt": {
    "$date": {
      "$numberLong": "1652777125896"
    }
  },
  "createdAt": {
    "$date": {
      "$numberLong": "1652777125896"
    }
  }
},{
  "_id": {
    "$oid": "6283611ed7b974242ab3d323"
  },
  "uid": 53,
  "product_name": "cà phê sữa tươi",
  "slug": "ca-phe-sua-tuoi",
  "price": 20000,
  "status": "active",
  "category": 1,
  "description": "",
  "cover": "",
  "updatedAt": {
    "$date": {
      "$numberLong": "1652777246940"
    }
  },
  "createdAt": {
    "$date": {
      "$numberLong": "1652777246940"
    }
  }
},{
  "_id": {
    "$oid": "6283615dd7b974242ab3d329"
  },
  "uid": 54,
  "product_name": "cà phê 2",
  "slug": "ca-phe-2",
  "price": 20000,
  "status": "active",
  "category": 1,
  "description": "",
  "cover": "",
  "updatedAt": {
    "$date": {
      "$numberLong": "1652777309921"
    }
  },
  "createdAt": {
    "$date": {
      "$numberLong": "1652777309921"
    }
  }
},{
  "_id": {
    "$oid": "6283be51d7b974242ab3d350"
  },
  "uid": 55,
  "product_name": "Phở bò",
  "slug": "pho-bo",
  "price": 22000,
  "status": "active",
  "category": 63,
  "description": "",
  "cover": "",
  "updatedAt": {
    "$date": {
      "$numberLong": "1652801105651"
    }
  },
  "createdAt": {
    "$date": {
      "$numberLong": "1652801105651"
    }
  }
},{
  "_id": {
    "$oid": "6285e8b170c892940c4961e8"
  },
  "uid": 56,
  "product_name": "Cam",
  "slug": "cam-ep",
  "price": 20000,
  "status": "active",
  "category": 16,
  "description": "<p>Bánh ướt</p>",
  "cover": "1650557669739_green-tea-st.jpg",
  "updatedAt": {
    "$date": {
      "$numberLong": "1652943366786"
    }
  },
  "createdAt": {
    "$date": {
      "$numberLong": "1652943025646"
    }
  }
},{
  "_id": {
    "$oid": "6285ec1a70c892940c49620e"
  },
  "uid": 57,
  "product_name": "Pate Chou",
  "slug": "pate-chou",
  "price": 22000,
  "status": "active",
  "category": 16,
  "description": "<p>fdfd;fl</p>",
  "cover": "",
  "updatedAt": {
    "$date": {
      "$numberLong": "1652943898106"
    }
  },
  "createdAt": {
    "$date": {
      "$numberLong": "1652943898106"
    }
  }
},{
  "_id": {
    "$oid": "628607f409cdd243d0557557"
  },
  "uid": 58,
  "product_name": "Chai nước suối",
  "slug": "chai-nuoc-suoi",
  "price": 2000,
  "status": "active",
  "category": 64,
  "description": "",
  "cover": "1650557669739_green-tea-st.jpg",
  "updatedAt": {
    "$date": {
      "$numberLong": "1652951028140"
    }
  },
  "createdAt": {
    "$date": {
      "$numberLong": "1652951028140"
    }
  }
},{
  "_id": {
    "$oid": "628613ce09cdd243d0557618"
  },
  "uid": 59,
  "product_name": "Trà xanh",
  "slug": "tra-xanh",
  "price": 22000,
  "status": "active",
  "category": 16,
  "description": "<p>trà xanh</p>",
  "cover": "1650557669739_green-tea-st.jpg",
  "updatedAt": {
    "$date": {
      "$numberLong": "1652954062200"
    }
  },
  "createdAt": {
    "$date": {
      "$numberLong": "1652954062200"
    }
  }
},{
  "_id": {
    "$oid": "628628b909cdd243d055768c"
  },
  "uid": 60,
  "product_name": "Bún gà",
  "slug": "bun-ga",
  "price": 20000,
  "status": "active",
  "category": 64,
  "description": "<p>bún gà nè</p>",
  "cover": "1650708611835_americano-1.jpg",
  "updatedAt": {
    "$date": {
      "$numberLong": "1652960563309"
    }
  },
  "createdAt": {
    "$date": {
      "$numberLong": "1652959417059"
    }
  }
},{
  "_id": {
    "$oid": "62862d9a09cdd243d055772a"
  },
  "uid": 61,
  "product_name": "Bánh mì thịt",
  "slug": "banh-mi-thit",
  "price": 20000,
  "status": "active",
  "category": 16,
  "description": "<p>sữa dừa nè</p>",
  "cover": "1650708611840_americano-1.jpg",
  "updatedAt": {
    "$date": {
      "$numberLong": "1652960666318"
    }
  },
  "createdAt": {
    "$date": {
      "$numberLong": "1652960666318"
    }
  }
}]